"それ","それ","that | that one"
"一つ","ひとつ","one (thing)"
"一","いち","one"
"二","に","two"
"二つ","ふたつ","two (things)"
"三","さん","three"
"三つ","みっつ","three (things)"
"四つ","よっつ","four (things)"
"四","し","four"
"これ","これ","this | this one"
"四","よん","four"
"五つ","いつつ","five (things)"
"五","ご","five"
"六つ","むっつ","six (things)"
"六","ろく","six"
"七","なな","seven"
"七つ","ななつ","seven (things)"
"八","はち","eight"
"八つ","やっつ","eight (things)"
"なる","なる","become"
"九","きゅう","nine"
"九つ","ここのつ","nine (things)"
"十","じゅう","ten"
"百","ひゃく","hundred"
"千","せん","thousand"
"万","まん","ten thousand"
"円","えん","circle"
"円","えん","yen"
"時","とき","time"
"する","する","do | make"
"時々","ときどき","sometimes"
"日","にち","day"
"六日","むいか","six days | 6th of the month"
"三日","みっか","three days | 3rd of the month"
"五日","いつか","five days | 5th of the month"
"八日","ようか","eight days | 8th of the month"
"二十日","はつか","20 days | 20th of the month"
"二日","ふつか","two days | 2nd of the month"
"九日","ここのか","nine days | 9th of the month"
"ところ","ところ","place"
"一日","ついたち","1st of the month"
"十日","とおか","ten days | 10th of the month"
"七日","なのか","seven days | 7th of the month"
"四日","よっか","four days | 4th of the month"
"月","つき","moon"
"水","みず","water"
"金","かね","money"
"日曜日","にちようび","Sunday"
"土曜日","どようび","Saturday"
"やる","やる","do"
"金曜日","きんようび","Friday"
"月曜日","げつようび","Monday"
"木曜日","もくようび","Thursday"
"曜日","ようび","day of the week"
"火曜日","かようび","Tuesday"
"水曜日","すいようび","Wednesday"
"週","しゅう","week"
"年","とし","year | age"
"分かる","わかる","understand"
"そう","そう","in such manner | that way"
"何","なに","what | which"
"先","さき","ahead | first"
"今年","ことし","this year"
"今","いま","now"
"今日","きょう","today"
"今月","こんげつ","this month"
"今週","こんしゅう","this week"
"来る","くる","come"
"来年","らいねん","next year"
"もう","もう","already | yet"
"行く","いく","go"
"帰る","かえる","return | go back"
"大きい","おおきい","big"
"小さい","ちいさい","small"
"少ない","すくない","few | little"
"少し","すこし","a little | a little while (polite)"
"多い","おおい","lots of"
"多分","たぶん","probably | perhaps"
"上げる","あげる","raise | improve"
"よく","よく","often"
"上る","のぼる","go up | climb up"
"上","うえ","up | above"
"下","した","under | below"
"右","みぎ","right"
"左","ひだり","left"
"方","ほう","direction | side"
"大人","おとな","adult"
"人","ひと","person"
"一人","ひとり","one | one person"
"どう","どう","how | what"
"入れる","いれる","put in"
"入る","はいる","enter"
"出る","でる","go out | leave"
"できる","できる","can do | be good at"
"出す","だす","take out | turn in"
"本","ほん","book | volume"
"休む","やすむ","take a day off | take a break"
"体","からだ","body | health"
"目","め","eye"
"どこ","どこ","where"
"口","くち","mouth"
"耳","みみ","ear | hearing"
"上手","じょうず","skilled | good"
"手","て","hand"
"足","あし","leg | foot"
"空く","すく","become empty | become less crowded"
"男","おとこ","man | male"
"女","おんな","woman | girl"
"子供","こども","child | kid"
"あげる","あげる","give"
"好き","すき","favorite | liked"
"大好き","だいすき","love"
"私","わたし","I"
"友達","ともだち","friend | companion"
"家","うち","house | home | my family"
"気","き","spirit | temperament"
"元気","げんき","healthy | energetic"
"天気","てんき","weather"
"晴れる","はれる","be sunny | clear up"
"こう","こう","like this | this kind of"
"昨日","きのう","yesterday"
"開ける","あける","open | unlock"
"開く","ひらく","open を/が"
"閉じる","とじる","close (book | eyes | etc.)"
"閉める","しめる","shut | close"
"閉まる","しまる","be shut | be closed"
"聞く","きく","hear | ask"
"時間","じかん","time | hour"
"高い","たかい","high | tall"
"くれる","くれる","give (to me)"
"安い","やすい","inexpensive | cheap"
"低い","ひくい","low | short"
"前","まえ","front | before"
"後","あと","after"
"後ろ","うしろ","back | behind"
"午後","ごご","afternoon | p.m."
"午前","ごぜん","morning | a.m."
"朝","あさ","morning"
"昼","ひる","daytime | midday | lunch"
"かなり","かなり","fairly | rather"
"晩","ばん","evening (usually from sunset to bedtime)"
"今晩","こんばん","this evening | tonight"
"夜","よる","night (from sunset to sunrise)"
"食べる","たべる","eat"
"飲む","のむ","drink"
"ご飯","ごはん","cooked rice | meal"
"買う","かう","buy"
"見る","みる","see | look at"
"見せる","みせる","show"
"もっと","もっと","more"
"見つける","みつける","find (something)"
"見える","みえる","be visible"
"見つかる","みつかる","be found | be caught"
"言う","いう","say | tell"
"話す","はなす","speak | tell"
"読む","よむ","read"
"漢字","かんじ","Chinese character"
"書く","かく","write"
"覚える","おぼえる","memorize | learn"
"そこ","そこ","there"
"会う","あう","meet"
"仕事","しごと","work | job"
"場合","ばあい","situation | case"
"車","くるま","car | automobile"
"電車","でんしゃ","train"
"駅","えき","railway station"
"道","みち","way | road | street"
"他","ほか","other"
"止める","やめる","stop | give up | abolish"
"ここ","ここ","here"
"歩く","あるく","walk | go on foot"
"走る","はしる","run"
"近く","ちかく","near | close to"
"近い","ちかい","near | close"
"近く","ちかく","vicinity | nearby"
"遠い","とおい","far | distant"
"長い","ながい","long"
"短い","みじかい","short | brief"
"広い","ひろい","wide | big"
"もらう","もらう","receive"
"全部","ぜんぶ","all | wholly"
"国","くに","country"
"白い","しろい","white | blank (for paper)"
"赤い","あかい","red"
"部屋","へや","room"
"米","こめ","rice (grain)"
"まだ","まだ","(not) yet | still"
"ある","ある","exist | possess"
"無い","ない","to not be"
"とても","とても","very"
"作る","つくる","make | create"
"使う","つかう","use"
"消す","けす","erase | turn off"
"売る","うる","sell を"
"店","みせ","shop | store"
"春","はる","spring"
"夏","なつ","summer"
"秋","あき","autumn | fall"
"冬","ふゆ","winter"
"みんな","みんな","all | everybody"
"暑い","あつい","hot (temperature of the air)"
"熱い","あつい","hot (things | touch)"
"寒い","さむい","cold (temperature of the air)"
"暖かい","あたたかい","warm"
"新しい","あたらしい","new"
"古い","ふるい","old"
"良い","いい","good"
"悪い","わるい","bad"
"思う","おもう","think"
"いつも","いつも","always"
"忘れる","わすれる","forget | leave behind"
"考える","かんがえる","think | consider"
"決める","きめる","decide | agree upon"
"決まる","きまる","be decided"
"知る","しる","(get to) know | realize"
"一番","いちばん","most"
"住む","すむ","live | reside"
"名前","なまえ","name"
"食べ物","たべもの","food"
"いつ","いつ","when"
"飲み物","のみもの","beverage | drink"
"重い","おもい","heavy | serious (illness)"
"軽い","かるい","light | light weight"
"送る","おくる","send"
"取る","とる","take | get"
"待つ","まつ","wait | wait for"
"持つ","もつ","have | possess"
"気持ち","きもち","feeling (about something | emotion)"
"生きる","いきる","live (one's life)"
"どちら","どちら","which"
"先生","せんせい","teacher (respectful title)"
"大学","だいがく","university | college"
"学生","がくせい","student"
"大学生","だいがくせい","university student"
"学校","がっこう","school"
"高校生","こうこうせい","high school student"
"教える","おしえる","teach | tell"
"勉強","べんきょう","study"
"強い","つよい","strong"
"どれ","どれ","what | which"
"弱い","よわい","weak"
"引く","ひく","pull | draw"
"質問","しつもん","question"
"難しい","むずかしい","difficult"
"数","かず","(the) number"
"勝つ","かつ","win"
"負ける","まける","lose | be defeated"
"本当に","ほんとうに","really | truly"
"要る","いる","need | require"
"ドア","ドア","door"
"時計","とけい","clock | watch"
"払う","はらう","pay"
"切る","きる","cut"
"変える","かえる","to change (st)"
"乗る","のる","ride | take"
"着る","きる","wear | put on"
"立つ","たつ","stand | rise"
"座る","すわる","sit | sit down"
"次","つぎ","next"
"喋る","しゃべる","chat | talk"
"動く","うごく","move (が)"
"働く","はたらく","to work"
"早い","はやい","early"
"速い","はやい","fast"
"遅い","おそい","slow | late"
"始める","はじめる","begin | start を"
"始まる","はじまる","begin が"
"終わる","おわる","finish | end"
"終わり","おわり","end | conclusion"
"テーブル","テーブル","table"
"去年","きょねん","last year"
"紙","かみ","paper"
"楽しむ","たのしむ","enjoy"
"楽しい","たのしい","fun | enjoyable"
"歌う","うたう","sing"
"欲しい","ほしい","want | desire"
"色","いろ","color"
"茶色","ちゃいろ","light brown"
"すぐ","すぐ","at once | soon"
"ゲーム","ゲーム","game"
"書き直す","かきなおす","rewrite"
"直る","なおる","be repaired | return to normal"
"線","せん","line | route (trainなど)"
"曲がる","まがる","turn"
"同じ","おなじ","same | identical"
"違う","ちがう","differ | be wrong"
"図書館","としょかん","library"
"泊まる","とまる","stay overnight"
"遊ぶ","あそぶ","have a good time | play"
"どうして","どうして","why"
"服","ふく","clothes"
"お父さん","おとうさん","father"
"父","ちち","(speaker's)father"
"お母さん","おかあさん","mother"
"母","はは","(speaker's) mother"
"親","おや","parent"
"姉","あね","older sister"
"お姉さん","おねえさん","older sister"
"妹","いもうと","younger sister"
"おなか","おなか","stomach"
"兄","あに","older brother"
"お兄さん","おにいさん","older brother"
"弟","おとうと","younger brother"
"娘","むすめ","daughter | girl"
"息子","むすこ","son"
"若い","わかい","young"
"彼女","かのじょ","she | one's girlfriend"
"彼","かれ","he | one's boyfriend"
"結婚","けっこん","marriage"
"ミーティング","ミーティング","meeting"
"自転車","じてんしゃ","bicycle"
"自分","じぶん","self | oneself"
"ご主人","ごしゅじん","(your) husband"
"答える","こたえる","answer | reply"
"別","べつ","another | different"
"病気","びょうき","illness"
"死ぬ","しぬ","die"
"痛い","いたい","painful"
"酒","さけ","alcoholic drink | Japanese rice wine"
"つける","つける","switch on"
"一杯","いっぱい","full"
"飛ぶ","とぶ","fly"
"飛行機","ひこうき","airplane"
"お願い","おねがい","request | wish"
"続く","つづく","continue | follow が"
"日記","にっき","diary"
"首","くび","neck"
"頭","あたま","head"
"顔","かお","face"
"あれ","あれ","that over there"
"感じる","かんじる","feel | sense"
"探す","さがす","search for | look for"
"落ちる","おちる","fall | go down"
"お手洗い","おてあらい","bathroom (polite)"
"冷たい","つめたい","cold (things | touch)"
"汚い","きたない","dirty"
"太い","ふとい","thick | fat"
"曇る","くもる","become cloudy"
"神","かみ","god | spirit"
"まずい","まずい","bad-tasting | bad"
"建てる","たてる","build | erect"
"置く","おく","put | leave"
"辺","へん","vicinity | part"
"黄色い","きいろい","yellow"
"一緒に","いっしょに","together | at the same time"
"緑","みどり","green | foliage"
"易しい","やさしい","easy | simple"
"留学生","りゅうがくせい","student studying abroad"
"戻る","もどる","return | turn back"
"そば","そば","side | vicinity"
"起きる","おきる","get up | get out of bed"
"起こる","おこる","happen"
"起こす","おこす","wake up (someone)"
"起きる","おきる","occur"
"寝る","ねる","sleep | go to sleep"
"細い","ほそい","thin | slender | narrow"
"載せる","のせる","place | put on"
"締める","しめる","tighten | fasten"
"甘い","あまい","sweet"
"こっち","こっち","here"
"辛い","からい","spicy | salty"
"優しい","やさしい","gentle | kind"
"夫","おっと","husband"
"妻","つま","wife"
"誰","だれ","who | whom"
"愛する","あいする","love | care for"
"笑う","わらう","laugh | smile"
"酸っぱい","すっぱい","sour"
"言葉","ことば","word | language"
"よう","よう","way | like | kind [the state of something]"
"呼ぶ","よぶ","call | name"
"胸","むね","chest"
"腰","こし","hip | lower back"
"背","せ","height | stature"
"片仮名","かたかな","katakana"
"平仮名","ひらがな","hiragana"
"悲しい","かなしい","sad"
"美しい","うつくしい","beautiful"
"授業","じゅぎょう","class | lesson"
"あそこ","あそこ","over there"
"手伝う","てつだう","help | assist"
"狭い","せまい","narrow | restricted"
"触る","さわる","touch | feel"
"嫌い","きらい","dislike"
"浴びる","あびる","take a shower"
"渇く","かわく","become thirsty"
"髪の毛","かみのけ","hair"
"肩","かた","shoulder"
"鼻","はな","nose"
"おいしい","おいしい","tasty"
"腕","うで","arm"
"掛ける","かける","hang | put on"
"僕","ぼく","I (young male)"
"だめ","だめ","no good"
"大丈夫","だいじょうぶ","alright | okay"
"風邪","かぜ","cold (illness)"
"きれい","きれい","pretty"
"嬉しい","うれしい","happy | glad"
"なる (生る)","なる","produce fruit | grow (on a tree)"
"ため","ため","sake | purpose"
"より","より","more | further"
"七","しち","seven"
"九","く","nine"
"億","おく","hundred million"
"寺","てら","buddhist temple"
"ドル","ドル","dollar"
"日","ひ","sun | sunlight | day"
"火","ひ","fire"
"木","き","tree | wood"
"金","きん","gold | sum of money | Friday"
"システム","システム","system"
"十分","じゅうぶん","enough | plenty"
"分","ぶん","amount | part | share"
"分ける","わける","divide into parts | sort | share"
"分かれる","わかれる","be divided | disperse | branch off"
"コンピュータ","コンピュータ","computer"
"何か","なにか","something | some"
"何","なん","what | which"
"まず","まず","first (of all)"
"先月","せんげつ","last month"
"やる","やる","give (to animals | plants | etc.)"
"先週","せんしゅう","last week"
"今まで","いままで","until now | so far"
"来月","らいげつ","next month"
"来週","らいしゅう","next week"
"ロボット","ロボット","robot"
"行う","おこなう","do | carry out"
"行き","いき","going"
"行き","ゆき","going"
"帰り","かえり","return trip | going home"
"ほとんど","ほとんど","almost | hardly"
"大きさ","おおきさ","size | dimensions"
"大分","だいぶ","very | greatly"
"中","なか","in | inside | middle"
"少年","しょうねん","boy"
"パソコン","パソコン","personal computer"
"少しも","すこしも","(not) one bit"
"少々","しょうしょう","a little | a few (formal)"
"多く","おおく","many | much"
"上がる","あがる","go up | rise"
"もう","もう","another | again"
"上がる","あがる","get nervous | get stage fright"
"年上","としうえ","older | senior"
"上り","のぼり","going up | ascent"
"下げる","さげる","lower | turn down"
"プログラム","プログラム","program"
"下がる","さがる","come down | hang (down) | fall"
"下りる","おりる","go down | climb down"
"下ろす","おろす","bring down | take down | withdraw (money)"
"下り","くだり","downhill | going down"
"よく","よく","well"
"年下","としした","junior | younger person"
"下る","くだる","go down | go downward"
"一方","いっぽう","one way"
"方","かた","person (polite)"
"まま","まま","as is | still (in the current state)"
"二人","ふたり","two persons"
"大人しい","おとなしい","gentle | quiet | subdued"
"人々","ひとびと","people (polite)"
"一人で","ひとりで","by oneself"
"テレビ","テレビ","television"
"外人","がいじん","foreigner | alien (less polite)"
"外","そと","outside | open air"
"休日","きゅうじつ","holiday | day off"
"休み","やすみ","rest | holiday | absence"
"ソフト","ソフト","software | programme"
"力","ちから","strength | power"
"協力","きょうりょく","cooperation | collaboration"
"人口","じんこう","population"
"出口","でぐち","exit | exit ramp"
"ただ","ただ","free"
"入り口","いりぐち","entrance"
"右手","みぎて","right hand"
"左手","ひだりて","left hand"
"下手","へた","not good at"
"これら","これら","these"
"足りる","たりる","be enough | be sufficient"
"足す","たす","add | supplement (the same kind of thing)"
"山","やま","mountain"
"川","かわ","river | stream"
"いずれ","いずれ","eventually | sometime"
"空く","あく","become available or vacant"
"空手","からて","karate | empty hand"
"空","そら","sky | weather"
"海外","かいがい","overseas | abroad"
"あまり","あまり","(not) really | (not) very"
"海","うみ","sea | ocean"
"毎日","まいにち","every day"
"毎年","まいとし","every year (less formal)"
"毎年","まいねん","every year (more formal)"
"なお","なお","still | in addition"
"毎週","まいしゅう","every week"
"毎月","まいつき","every month"
"石","いし","stone | small rock"
"田んぼ","たんぼ","rice field"
"ほぼ","ほぼ","roughly | nearly"
"花","はな","flower"
"林","はやし","woods | grove"
"森","もり","thick woods | forest"
"子","こ","child | kid"
"サービス","サービス","service | on the house"
"女の子","おんなのこ","girl | baby girl"
"男の子","おとこのこ","boy | baby boy"
"私たち","わたしたち","we"
"達する","たっする","attain | reach"
"グループ","グループ","group"
"家","いえ","house | home"
"家内","かない","my wife"
"客","きゃく","visitor | customer"
"空気","くうき","air | atmosphere"
"ホテル","ホテル","hotel"
"気に入る","きにいる","like | be pleased with"
"人気","にんき","popularity"
"雨","あめ","rain"
"雪","ゆき","snow | snowfall"
"まとめる","まとめる","gather together | summarize"
"青い","あおい","blue"
"青","あお","blue | green | green light"
"晴れ","はれ","fine weather | clear sky"
"明らか","あきらか","clear | obvious"
"やはり","やはり","as expected | also | still"
"明るい","あかるい","bright | cheerful"
"明日","あした","tomorrow"
"暗い","くらい","dark | dreary | shadowy"
"昨年","さくねん","last year (polite)"
"はっきり","はっきり","clearly | distinctly"
"一昨年","おととし","the year before last"
"一昨日","おととい","day before yesterday"
"東","ひがし","east | eastern"
"西","にし","west | western"
"つまり","つまり","in short | basically"
"南","みなみ","south"
"北","きた","north"
"方向","ほうこう","direction | course"
"向かう","むかう","face | head toward | confront"
"ビル","ビル","building (ローマ字)"
"向こう","むこう","the other side | the other party | opponent"
"向く","むく","turn | face | look"
"開く","あく","open が"
"聞こえる","きこえる","be heard | be audible"
"もちろん","もちろん","of course | needless to say"
"年間","ねんかん","period of one year"
"この間","このあいだ","the other day | recently"
"間","あいだ","interval | space between"
"人間","にんげん","human being | people"
"かつて","かつて","once | formerly"
"高さ","たかさ","height"
"最大","さいだい","biggest | largest"
"初めて","はじめて","first | for the first time"
"最初","さいしょ","the beginning | first"
"スポーツ","スポーツ","sport"
"初め","はじめ","beginning | start"
"今後","こんご","after this | in the future (formal)"
"後[のち]","のち","after | afterwards (formal)"
"最後","さいご","last | final"
"なぜ","なぜ","why | for what reason"
"明後日","あさって","day after tomorrow"
"牛","うし","cattle | cow"
"半分","はんぶん","half"
"半年","はんとし","half a year"
"そのまま","そのまま","like that | unchanged"
"半月","はんつき","half a month"
"半日","はんにち","half a day"
"毎朝","まいあさ","every morning"
"今朝","けさ","this morning"
"もし","もし","if | in case of"
"昼休み","ひるやすみ","noon recess | lunch break"
"昼前","ひるまえ","in the morning | before noon"
"昼間","ひるま","daytime | day"
"毎晩","まいばん","every evening"
"つもり","つもり","intention | plan"
"今夜","こんや","tonight | this evening"
"昨夜","ゆうべ","last night | last evening"
"夜中","よなか","midnight | dead of night"
"夕方","ゆうがた","evening"
"やっと","やっと","at last | finally (exclamation)"
"昼食","ちゅうしょく","lunch (formal)"
"朝食","ちょうしょく","breakfast (formal)"
"夕食","ゆうしょく","supper (polite)"
"夕飯","ゆうはん","evening meal | supper (かたい)"
"ニュース","ニュース","news"
"見方","みかた","view | way of looking"
"花見","はなみ","cherry blossom viewing"
"言い方","いいかた","way of speaking | expression"
"話","はなし","talk | story"
"ずっと","ずっと","the whole time | from start to finish"
"読み","よみ","reading | judgment | foresight"
"読み方","よみかた","way to read | reading"
"語る","かたる","tell (a story) | talk about"
"言語","げんご","language | speech"
"ビデオ","ビデオ","video"
"英語","えいご","English"
"文字","もじ","character | letter"
"ローマ字","ろーまじ","Roman alphabet"
"字","じ","character | letter | handwriting"
"マンション","マンション","(modern) apartment complex"
"書き方","かきかた","how to write | way of writing"
"覚める","さめる","awake | wake up (目が)"
"覚ます","さます","awaken | wake up 目を"
"大会","たいかい","mass meeting | tournament"
"しばらく","しばらく","a short while | long time | for the time being"
"会話","かいわ","conversation"
"話し合う","はなしあう","discuss | talk about"
"合う","あう","fit"
"間に合う","まにあう","be in time | serve (my) purpose なくても〜 do without"
"ガス","ガス","gas"
"会社","かいしゃ","company | corporation"
"社会","しゃかい","society"
"社員","しゃいん","staff member | employee"
"仕方","しかた","way | method"
"うまい","うまい","good at (informal)"
"食事","しょくじ","meal | dinner (formal)"
"火事","かじ","fire (emergency)"
"大事","だいじ","important (thing)"
"事故","じこ","accident | incident"
"サラリーマン","サラリーマン","office worker | salaried worker | company employee"
"工事","こうじ","construction work"
"工場","こうじょう","factory | plant"
"電話","でんわ","telephone | phone call"
"電気","でんき","electricity | electric light"
"バス","バス","bus"
"車","くるま","car"
"駅員","えきいん","station attendant"
"通り","とおり","boulevard | street"
"通る","とおる","pass | take (a road) | go through"
"クラス","クラス","class (ローマ字)"
"通う","かよう","go (a place) often | go to and from"
"交通事故","こうつうじこ","traffic accident"
"水道","すいどう","tap water | water supply"
"車道","しゃどう","road | roadway (for vehicles)"
"トラック","トラック","truck | lorry"
"道路","どうろ","road | street"
"土地","とち","land"
"地図","ちず","map | atlas"
"他","た","others | other things"
"パーティー","パーティー","party"
"止める","とめる","stop (sth) | turn off"
"止まる","とまる","come to a stop | cease"
"止む","やむ","cease | stop | let up"
"歩道","ほどう","sidewalk | footpath"
"うまい","うまい","delicious | tasty (informal)"
"渡す","わたす","hand over | carry across"
"渡る","わたる","cross | ford | go across"
"年度","ねんど","fiscal year | school year"
"今度","こんど","this time | next time"
"ガラス","ガラス","glass (the material)"
"何度","なんど","how many degrees | how many times"
"最近","さいきん","lately | recent"
"遠く","とおく","great distance"
"社長","しゃちょう","president (of a company)"
"コース","コース","course | class | route"
"会長","かいちょう","chairman | president"
"長さ","ながさ","length"
"長男","ちょうなん","eldest son"
"長女","ちょうじょ","eldest daughter"
"アパート","アパート","apartment | flat"
"広がる","ひろがる","spread out | reach が"
"広さ","ひろさ","area | extent"
"全体","ぜんたい","whole | total"
"全く","まったく","entirely | truly | indeed"
"レコード","レコード","record"
"安全","あんぜん","safety | security"
"一部","いちぶ","part"
"部分","ぶぶん","part | section"
"国内","こくない","domestic | internal"
"どんどん","どんどん","knock (sound)"
"全国","ぜんこく","the whole country"
"外国","がいこく","foreign country"
"国会","こっかい","National Diet | parliament"
"帰国","きこく","return to one's country"
"カメラ","カメラ","camera"
"外国人","がいこくじん","foreigner (polite)"
"外国語","がいこくご","foreign language"
"世界","せかい","world"
"白","しろ","white"
"テープ","テープ","tape | cassette"
"黒い","くろい","black"
"黒","くろ","black"
"赤ちゃん","あかちゃん","baby"
"赤","あか","red"
"ビール","ビール","beer | lager"
"銀行","ぎんこう","bank"
"銀","ぎん","silver"
"地下鉄","ちかてつ","subway"
"牛肉","ぎゅうにく","beef"
"ページ","ページ","page"
"肉","にく","meat | flesh"
"魚","さかな","fish"
"分野","ぶんや","field | sphere"
"野菜","やさい","vegetable"
"グラフ","グラフ","graph | chart"
"本屋","ほんや","bookstore | bookseller"
"八百屋","やおや","vegetable store | greengrocer"
"そば屋","そばや","soba restaurant"
"たばこ屋","たばこや","cigarette shop | tobacco store"
"ポスト","ポスト","mailbox"
"茶","ちゃ","tea (plain form)"
"お茶","おちゃ","tea (polite)"
"茶わん","ちゃわん","rice bowl | tea cup"
"味","あじ","taste | flavor"
"テスト","テスト","test"
"未来","みらい","future"
"週末","しゅうまつ","weekend"
"料理","りょうり","cooking; handling | management"
"無理","むり","unreasonable | impossible | forced"
"あちこち","あちこち","all over | here and there"
"なくす","なくす","lose | get rid of"
"無くなる","なくなる","disappear | run short | get lost"
"作文","さくぶん","composition | essay"
"用いる","もちいる","use | make use of"
"ゴルフ","ゴルフ","golf"
"用事","ようじ","things to do | errand | business"
"交通費","こうつうひ","traveling expense | transportation cost"
"消える","きえる","be extinguished | disappear"
"消しゴム","けしごむ","(rubber) eraser"
"ラジオ","ラジオ","radio"
"売れる","うれる","be sold | be in demand"
"売り場","うりば","sales floor | department"
"店員","てんいん","clerk | salesperson"
"売店","ばいてん","kiosk | store"
"タクシー","タクシー","taxi | cab"
"商品","しょうひん","goods | commodities"
"作品","さくひん","work of art | piece"
"販売","はんばい","sale | selling"
"二階","にかい","second floor | upstairs"
"ゆっくり","ゆっくり","slowly"
"段階","だんかい","stage | step"
"階段","かいだん","steps | flight of stairs"
"段々","だんだん","gradually | one after another"
"値段","ねだん","price"
"レストラン","レストラン","restaurant"
"価格","かかく","price | cost (formal)"
"合格","ごうかく","passing an examination | eligibility"
"夏休み","なつやすみ","summer vacation"
"冬休み","ふゆやすみ","winter vacation"
"カード","カード","card | credit card"
"四季","しき","the four seasons"
"暑さ","あつさ","heat | summer heat"
"熱","ねつ","fever | heat"
"寒さ","さむさ","coldness | cold"
"アルバイト","アルバイト","casual job | student job | part-time job"
"暖める","あたためる","warm up (something) | heat up を"
"暖まる","あたたまる"," get warm が"
"温度","おんど","temperature"
"気温","きおん","atmospheric temperature"
"コピー","コピー","copy | photocopy"
"台","だい","stand | platform"
"風","かぜ","wind"
"台風","たいふう","typhoon"
"事情","じじょう","circumstances | conditions"
"ぶつかる","ぶつかる","hit | bump into に"
"情報","じょうほう","information"
"報告","ほうこく","report"
"新聞","しんぶん","newspaper"
"新年","しんねん","New Year"
"フィルム","フィルム","film (外来語)"
"良い","よい","good"
"中心","ちゅうしん","center | middle | core"
"安心","あんしん","peace of mind | relief"
"思い出す","おもいだす","recollect | recall"
"デパート","デパート","department store | department"
"思い出","おもいで","recollections | memory"
"考え","かんがえ","thought | view | idea"
"解決","かいけつ","solution | settlement"
"知らせる","しらせる","let know | inform"
"ベッド","ベッド","bed"
"能力","のうりょく","ability | capacity"
"可能","かのう","possible | potential"
"可","か","permitted | OK"
"郵便","ゆうびん","mail"
"コート","コート","coat | jacket"
"不便","ふべん","inconvenient"
"郵便屋さん","ゆうびんやさん","mailman"
"郵便局","ゆうびんきょく","post office"
"交番","こうばん","police box"
"ノート","ノート","notebook | laptop"
"番地","ばんち","house number | address"
"番号","ばんごう","number"
"場所","ばしょ","place | space"
"近所","きんじょ","neighborhood"
"ワイン","ワイン","wine"
"台所","だいどころ","kitchen"
"住所","じゅうしょ","address | one's dwelling"
"便所","べんじょ","bathroom | lavatory"
"有名","ゆうめい","famous"
"おかしい","おかしい","strange | peculiar | suspicious"
"名字","みょうじ","surname | family name"
"氏名","しめい","full name"
"各国","かっこく","every country"
"町","まち","town | city quarter"
"トイレ","トイレ","toilet"
"都市","とし","city | urban community"
"都合","つごう","circumstances"
"朝ご飯","あさごはん","breakfast"
"買い物","かいもの","shopping | purchase"
"キャンプ","キャンプ","camping | camp"
"荷物","にもつ","baggage | package"
"品物","しなもの","article | thing"
"見物","けんぶつ","sightseeing | looking around"
"物","もの","thing | object"
"プラスチック","プラスチック","plastic"
"忘れ物","わすれもの","something left behind | lost item"
"重さ","おもさ","weight"
"配る","くばる","hand out | distribute"
"配達","はいたつ","delivery"
"カラー","カラー","color | collar"
"心配","しんぱい","anxiety | worry | assistance"
"見送る","みおくる","see (someone) off"
"見送り","みおくり","seeing someone off"
"受ける","うける","receive | accept"
"ピアノ","ピアノ","piano"
"受け取る","うけとる","get (st from so) | receive take (as in take as an insult)"
"取れる","とれる","come off | be removed"
"書き取る","かきとる","write down | note down"
"届く","とどく","reach | be delivered"
"スキー","スキー","ski | skiing"
"届ける","とどける","deliver | notify"
"持つ","もつ","last long | keep well"
"金持ち","かねもち","wealthy person"
"持って行く","もっていく","take (somewhere)"
"なかなか","なかなか","not easily | not readily | by no means"
"持って来る","もってくる","bring (something)"
"打つ","うつ","hit | strike"
"投げる","なげる","throw | give up"
"生まれる","うまれる","be born | come into existence"
"プール","プール","pool"
"生む","うむ","give birth"
"女性","じょせい","female | woman (formal)"
"生産","せいさん","production"
"お土産","おみやげ","souvenir"
"ホーム","ホーム","(train) platform"
"生活","せいかつ","life | living"
"生徒","せいと","pupil | student"
"中学","ちゅうがく","middle school (abbrev.)"
"入学","にゅうがく","admission to a school | starting school"
"エレベーター","エレベーター","elevator"
"中学生","ちゅうがくせい","middle school sudent"
"小学生","しょうがくせい","elementary school student"
"見学","けんがく","field trip"
"通学","つうがく","going to school"
"メモ","メモ","memo"
"高校","こうこう","high school"
"小学校","しょうがっこう","elementary school"
"中学校","ちゅうがっこう","middle school"
"校長","こうちょう","principal"
"パン","パン","bread"
"休校","きゅうこう","temporary school closure"
"教会","きょうかい","church"
"教育","きょういく","education"
"育てる","そだてる","raise | bring up"
"びっくりする","びっくりする","be surprised"
"育つ","そだつ","grow | be raised"
"制度","せいど","system | organization"
"強さ","つよさ","strength | power"
"取引","とりひき","transaction | dealings"
"ズボン","ズボン","trousers | pants"
"引き出し","ひきだし","drawer | withdrawal"
"押さえる","おさえる","hold down | hold back"
"押し入れ","おしいれ","closet"
"練習","れんしゅう","practice | training"
"おもちゃ","おもちゃ","toy | plaything"
"習う","ならう","learn | practice"
"慣れる","なれる","grow accustomed to"
"習慣","しゅうかん","custom | habit"
"研究","けんきゅう","research | study"
"グラム","グラム","gram"
"試験","しけん","exam | test"
"問題","もんだい","problem | question"
"簡単","かんたん","simple | easy"
"複雑","ふくざつ","complicated | intricate"
"コーヒー","コーヒー","coffee"
"数字","すうじ","figure | numeral"
"数学","すうがく","mathematics"
"数える","かぞえる","to count"
"今回","こんかい","this time"
"テント","テント","tent"
"回る","まわる","turn round | go round | detour"
"回す","まわす","turn | rotate"
"個人","こじん","individual | personal"
"担当","たんとう","in charge (of something)"
"ボート","ボート","row boat | boat"
"当たる","あたる","hit | strike"
"当時","とうじ","at that time"
"本当","ほんとう","truth | reality | genuine"
"当然","とうぜん","naturally | of course"
"ボール","ボール","ball"
"全然","ぜんぜん","(not) at all | totally (not)"
"方法","ほうほう","way | method | procedure"
"法律","ほうりつ","law"
"規則","きそく","rule | regulation"
"オートバイ","オートバイ","motorbike | motorcycle"
"経験","けいけん","experience"
"経つ","たつ","pass | elapse"
"経済","けいざい","economy | economics"
"経営","けいえい","management | operation"
"ひどい","ひどい","terrible | cruel"
"株","かぶ","stocks | shares"
"企業","きぎょう","business | corporation"
"作業","さぎょう","work | operation"
"産業","さんぎょう","industry"
"あなた","あなた","you"
"工業","こうぎょう","manufacturing industry"
"商業","しょうぎょう","business | commerce"
"利用","りよう","utilization | usage"
"便利","べんり","convenience | handiness"
"スイッチ","スイッチ","switch"
"技術","ぎじゅつ","skill | technology"
"手術","しゅじゅつ","surgical operation"
"製造","せいぞう","production | manufacture"
"必ず","かならず","without fail | certainly"
"プレゼント","プレゼント","present | gift"
"必要","ひつよう","need | necessity"
"重要","じゅうよう","important | essential"
"要求","ようきゅう","requirement | demand"
"目覚まし時計","めざましどけい","alarm clock"
"いつでも","いつでも","at any time | always"
"計算","けいさん","calculation"
"引き算","ひきざん","subtraction"
"足し算","たしざん","addition"
"交差点","こうさてん","intersection | crossing"
"テニス","テニス","tennis"
"割る","わる","divide (st) | crack | split"
"割れる","われる","(st) cracks | splits | breaks (が)"
"割り算","わりざん","division"
"残る","のこる","remain | be left over"
"こちら","こちら","here | this way"
"残す","のこす","leave | reserve | leave undone"
"返す","かえす","return | repay"
"返事","へんじ","answer | reply"
"借りる","かりる","borrow"
"ボタン","ボタン","button"
"貸す","かす","lend | rent"
"貸し出す","かしだす","lend out (used for businesses/banks)"
"申し込む","もうしこむ","apply for | make a proposal"
"期待","きたい","expectation | anticipation"
"おかしい","おかしい","funny | amusing | comical"
"期間","きかん","period (of time)"
"時期","じき","time | period | season"
"限る","かぎる","be limited to"
"急ぐ","いそぐ","hurry | hasten"
"コート","コート","(tennis) court"
"急に","きゅうに","suddenly | unexpectedly"
"急","きゅう","urgent | sudden | steep"
"急行","きゅうこう","express train | going in a hurry"
"切れる","きれる","run out | expire"
"ドラマ","ドラマ","drama | theater | soap opera"
"切手","きって","postage stamp"
"売り切れる","うりきれる","be sold out | go out of stock"
"売り切れ","うりきれ","sold out"
"大切","たいせつ","important | valuable"
"ビザ","ビザ","visa"
"切符","きっぷ","ticket"
"入場券","にゅうじょうけん","entrance ticket"
"家賃","やちん","rent (money)"
"時代","じだい","age | era | antiquity"
"ポケット","ポケット","pocket"
"代わる","かわる","take (st/sb's) place | substitute for"
"代える","かえる","replace (O1を) with (O2に) | substitute"
"指","ゆび","finger | toe"
"決定","けってい","decision"
"そろそろ","そろそろ","soon | slowly | gingerly"
"一定","いってい","constant | fixed"
"定期券","ていきけん","commuter pass"
"予定","よてい","schedule | plan"
"天気予報","てんきよほう","weather forecast"
"ぶどう","ぶどう","grapes"
"予習","よしゅう","preparation for class"
"予約","よやく","reservation | subscription | appointment"
"約束","やくそく","promise | vow"
"変わる","かわる","change が"
"めったに","めったに","rarely"
"大変","たいへん","awful | serious"
"変","へん","strange | weird | funny"
"変化","へんか","change"
"強化","きょうか","strengthening"
"クリスマス","クリスマス","Christmas"
"文化","ぶんか","culture"
"増える","ふえる","increase | accrue が"
"増やす","ふやす","increase (something) | add を"
"減る","へる","decrease | diminish が"
"ネクタイ","ネクタイ","tie | necktie"
"減らす","へらす","decrease (something) | reduce を"
"乗り物","のりもの","vehicle | means of transportation"
"降りる","おりる","get off | land"
"降ろす","おろす","unload | lower"
"バイオリン","バイオリン","violin"
"降る","ふる","fall | come down | rain"
"着く","つく","arrive | touch | take one's place"
"着物","きもの","kimono | clothes"
"下着","したぎ","underwear"
"パスポート","パスポート","passport"
"上着","うわぎ","outerwear"
"着せる","きせる","dress (sb) | put clothes on (sb)"
"脱ぐ","ぬぐ","remove clothes | take off"
"立場","たちば","standpoint | position"
"バッグ","バッグ","bag"
"目立つ","めだつ","stand out | be conspicuous"
"立てる","たてる","stand (sth) up | set (sth) up | establish"
"役に立つ","やくにたつ","be useful | be helpful"
"出席","しゅっせき","attendance | presence"
"ゴム","ゴム","rubber | elastic"
"席","せき","seat | one's place"
"欠席","けっせき","absence | non-attendance"
"次男","じなん","second son"
"次女","じじょ","second daughter"
"ギター","ギター","guitar"
"運ぶ","はこぶ","carry | transport"
"運転","うんてん","drive"
"運転手","うんてんしゅ","driver"
"転ぶ","ころぶ","tumble down | fall over"
"セーター","セーター","sweater | pullover"
"移る","うつる","move | shift が"
"移す","うつす","move (something) | shift | transfer"
"動き","うごき","movement | motion"
"運動","うんどう","exercise | movement"
"やっぱり","やっぱり","just as I thought | after all"
"活動","かつどう","activity"
"動物","どうぶつ","animal"
"動かす","うごかす","move (something) | operate"
"不動産屋","ふどうさんや","real estate agent | realtor"
"カーテン","カーテン","curtain"
"早く","はやく","early | soon"
"早口","はやくち","fast talking"
"速さ","はやさ","speed"
"速達","そくたつ","express mail"
"シャツ","シャツ","shirt"
"遅れる","おくれる","be late"
"開始","かいし","beginning"
"始めに","はじめに","in the beginning"
"現在","げんざい","the present | present time"
"ナイフ","ナイフ","knife"
"実現","じつげん","realization | fulfillment"
"実施","じっし","being in effect | implementation"
"事実","じじつ","fact | truth"
"実行","じっこう","(putting into) practice | execution"
"バイク","バイク","motorcycle"
"実験","じっけん","experiment"
"通過","つうか","passing | passage"
"過ぎる","すぎる","pass by | exceed"
"昼過ぎ","ひるすぎ","just past noon"
"いつか","いつか","some time | some day"
"過去","かこ","the past"
"開発","かいはつ","development"
"発生","はっせい","occurrence | happening"
"発言","はつげん","statement | remark"
"オレンジ","オレンジ","orange"
"発見","はっけん","discovery | revelation"
"出発","しゅっぱつ","departure | starting"
"発車","はっしゃ","depart | leave (for vehicles)"
"発表","はっぴょう","announcement"
"きつい","きつい","tight | difficult"
"表現","ひょうげん","expression (of views | feelings | etc.)"
"代表","だいひょう","representative"
"表","おもて","front side | face | outside"
"表","ひょう","list | table"
"さっき","さっき","some time ago | only a moment ago"
"手紙","てがみ","letter"
"絵","え","picture | painting | drawing"
"雑誌","ざっし","magazine | journal"
"音","おと","sound | noise"
"テキスト","テキスト","textbook | text file"
"音","おと","sound"
"音楽","おんがく","music"
"薬","くすり","drug | remedy | chemical"
"歌","うた","song"
"ビニール袋","ビニールぶくろ","plastic bag"
"歌手","かしゅ","singer"
"欲しがる","ほしがる","want (describing sb else)"
"計画","けいかく","plan | project"
"映画","えいが","movie"
"りんご","りんご","apple"
"面白い","おもしろい","interesting | amusing"
"写る","うつる","to appear in a photo | (picture) to come out well"
"写す","うつす","copy | photograph"
"写真","しゃしん","photograph"
"アルバム","アルバム","album"
"真っ赤","まっか","deep red"
"真面目","まじめ","serious | sober | earnest"
"真ん中","まんなか","center | middle"
"真っ白","まっしろ","pure-white"
"スカート","スカート","skirt"
"真っ暗","まっくら","pitch-dark"
"真っ黒","まっくろ","deep-black | jet-black"
"真っ青","まっさお","deep-blue | pale (skin)"
"色々","いろいろ","various"
"ペン","ペン","pen"
"人形","にんぎょう","doll"
"形","かたち","shape | form"
"大型","おおがた","large | large scale"
"種類","しゅるい","kind | variety | species"
"おしゃべり","おしゃべり","chatter | talkative"
"直す","なおす","repair | cure | alter"
"真っ直ぐ","まっすぐ","dead straight | honestly"
"直接","ちょくせつ","directly"
"角","かど","corner | edge | angle"
"きっと","きっと","surely | certainly"
"三角","さんかく","triangle"
"四角","しかく","square | quadrilateral"
"四角い","しかくい","square | four-sided"
"四つ角","よつかど","street corner | intersection"
"メニュー","メニュー","menu | bill of fare"
"曲","きょく","song | melody | tune"
"曲げる","まげる","bend | curve"
"曲がり角","まがりかど","street corner"
"同様","どうよう","similar | same"
"アイスクリーム","アイスクリーム","ice cream"
"間違い","まちがい","mistake | error"
"間違える","まちがえる","make a mistake (in something) | confuse (を)"
"間違う","まちがう","be mistaken | be incorrect"
"似ている","にている","look like | resemble"
"おしゃれ","おしゃれ","dressing up | trendy"
"以上","いじょう","more than | not less than"
"旅行","りょこう","travel | trip"
"大使館","たいしかん","embassy"
"旅館","りょかん","Japanese inn"
"ジュース","ジュース","juice | soft drink"
"映画館","えいがかん","movie theater"
"宿題","しゅくだい","homework"
"泊める","とめる","lodge | give shelter"
"遊び","あそび","play | amusement"
"ゼロ","ゼロ","zero"
"洋服","ようふく","clothes"
"教室","きょうしつ","classroom | class"
"図書室","としょしつ","library room"
"窓","まど","window | windowpane"
"ピンク","ピンク","pink"
"親しい","したしい","intimate | close"
"親切","しんせつ","kind | friendly"
"不親切","ふしんせつ","unkind | inattentive"
"家族","かぞく","family | household"
"グラス","グラス","glass"
"万歳","ばんざい","Banzai! Hurrah! Long live...!"
"二十歳","はたち","20 years old"
"姉さん","ねえさん","older sister | girl | miss"
"兄さん","にいさん","older brother"
"ダンス","ダンス","dance | dancing"
"兄弟","きょうだい","siblings"
"業者","ぎょうしゃ","business man"
"若者","わかもの","young person | youth"
"彼ら","かれら","they"
"おじ","おじ","uncle"
"結合","けつごう","combination | joining"
"結果","けっか","result | outcome"
"果物","くだもの","fruit"
"課題","かだい","task | problem"
"サッカー","サッカー","soccer | football"
"課","か","section | division | lesson"
"効果","こうか","effect | result"
"自動車","じどうしゃ","automobile"
"自然","しぜん","nature"
"スープ","スープ","soup | broth"
"自然","しぜん","natural | naturally"
"自習","じしゅう","self-study | self-teaching"
"理由","りゆう","reason | cause"
"自由","じゆう","freedom | free"
"バナナ","バナナ","banana"
"信じる","しんじる","believe | trust | have faith in"
"信号","しんごう","signal | traffic light"
"頼む","たのむ","ask | request"
"市民","しみん","citizens | townsmen"
"うるさい","うるさい","noisy | annoying | pesky"
"住民","じゅうみん","residents | inhabitants"
"主人","しゅじん","husband | the head of the house"
"議員","ぎいん","legislator"
"会議","かいぎ","conference | meeting"
"パトカー","パトカー","police car | patrol car"
"対する","たいする","in response to | face"
"対立","たいりつ","opposition | antagonism"
"反対","はんたい","oppose | the opposite"
"答え","こたえ","answer | solution"
"ハンバーガー","ハンバーガー","hamburger"
"特に","とくに","specially | particularly"
"特急","とっきゅう","limited express (train)"
"特別","とくべつ","special | extraordinary"
"別々","べつべつ","separately"
"エスカレーター","エスカレーター","escalator"
"別れる","わかれる","separate | part from"
"一般","いっぱん","general | common"
"目的","もくてき","objective | purpose"
"普通","ふつう","normal | regular"
"タオル","タオル","towel"
"並ぶ","ならぶ","line up | be parallel"
"並べる","ならべる","line (st) up | display | set up"
"平和","へいわ","peace | harmony"
"高等学校","こうとうがっこう","senior high school"
"パチンコ","パチンコ","pachinko (vertical pinball)"
"病院","びょういん","hospital"
"入院","にゅういん","be hospitalized"
"大学院","だいがくいん","graduate school"
"医者","いしゃ","doctor"
"みかん","みかん","tangerine | mandarin orange"
"お医者さん","おいしゃさん","doctor"
"歯医者","はいしゃ","dentist"
"歯","は","tooth | cog"
"歯ブラシ","はぶらし","toothbrush"
"ケーキ","ケーキ","cake"
"科学","かがく","science"
"教科書","きょうかしょ","textbook | schoolbook"
"理科","りか","science"
"亡くなる","なくなる","die | pass away"
"コップ","コップ","cup | glass"
"忙しい","いそがしい","busy | occupied"
"疲れる","つかれる","get tired | become fatigued"
"禁煙","きんえん","no smoking | giving up smoking"
"酔っ払い","よっぱらい","drunk person"
"ナイロン","ナイロン","nylon"
"酔っ払う","よっぱらう","get drunk"
"危ない","あぶない","dangerous | uncertain"
"危険","きけん","danger | dangerous"
"存在","そんざい","existence | being"
"スーツ","スーツ","suit"
"注目","ちゅうもく","attention | notice"
"注文","ちゅうもん","order | request"
"意味","いみ","meaning | significance"
"意見","いけん","opinion"
"チケット","チケット","ticket"
"注意","ちゅうい","attention | care | watch out"
"用意","ようい","prepare | ready oneself"
"確か","たしか","for sure | for certain"
"確認","かくにん","confirmation"
"チョコレート","チョコレート","chocolate"
"機能","きのう","function | feature"
"ジェット機","ジェットき","jet (plane)"
"機械","きかい","machine"
"材料","ざいりょう","ingredients | material"
"チャンネル","チャンネル","channel"
"具体的","ぐたいてき","specific | concrete"
"基づく","もとづく","be based on"
"基本","きほん","basis | foundation"
"基準","きじゅん","standard | criteria"
"つまらない","つまらない","boring | dull"
"備える","そなえる","prepare for (disaster) | equip (st) with"
"準備","じゅんび","prepare for | ready for"
"設計","せっけい","design | plan"
"施設","しせつ","facilities | institution"
"マッチ","マッチ","match | matchbox"
"設ける","もうける","set up | establish | prepare"
"説明","せつめい","explanation | description"
"小説","しょうせつ","novel | story"
"公開","こうかい","opening (to the public)"
"いとこ","いとこ","cousin"
"公園","こうえん","park | public garden"
"動物園","どうぶつえん","zoo"
"祭り","まつり","festival"
"国際","こくさい","international"
"ストーブ","ストーブ","paraffin heater | stove"
"実際","じっさい","reality | truth | the actual situation"
"飛行場","ひこうじょう","airport | airfield"
"航空便","こうくうびん","airmail"
"船便","ふなびん","surface mail (ship)"
"ガソリンスタンド","ガソリンスタンド","gas station"
"船","ふね","ship | boat | vessel"
"空港","くうこう","airport"
"港","みなと","port | harbor"
"島","しま","island | isle"
"デート","デート","date"
"完成","かんせい","completion | finish"
"平成","へいせい","Heisei era"
"成功","せいこう","success"
"原因","げんいん","cause | origin"
"ふすま","ふすま","sliding door | fusuma"
"資金","しきん","funds | a fund"
"投資","とうし","investment"
"願う","ねがう","wish | ask a favor | apply for"
"正確","せいかく","accurate | precise"
"レモン","レモン","lemon"
"正しい","ただしい","correct | righteous | lawful"
"正月","しょうがつ","New Year"
"正直","しょうじき","honest | upright"
"異なる","ことなる","differ"
"チーズ","チーズ","cheese"
"通常","つうじょう","common | ordinary"
"非常に","ひじょうに","very | extremely"
"調べる","しらべる","search (for) | examine"
"強調","きょうちょう","emphasis | stress"
"ドライブ","ドライブ","drive"
"季節","きせつ","season"
"調査","ちょうさ","investigation | examination"
"提供","ていきょう","offer | provide"
"提案","ていあん","proposition | proposal"
"ラケット","ラケット","racket"
"案内","あんない","guide | inform"
"示す","しめす","show | indicate"
"連れて行く","つれていく","take (a person) along"
"連れて来る","つれてくる","bring (a person)"
"スチュワーデス","スチュワーデス","flight attendant"
"続ける","つづける","continue (sth) | keep up を"
"相手","あいて","opponent | partner"
"会談","かいだん","conference | talk"
"相談","そうだん","consultation | advice"
"テープレコーダー","テープレコーダー","tape recorder | cassette recorder"
"記者","きしゃ","journalist | reporter"
"記録","きろく","record | documentation"
"録音","ろくおん","audio recording"
"登る","のぼる","climb | mount | go up"
"ひげ","ひげ","moustache | beard"
"関する","かんする","concern | relate to"
"関連","かんれん","connection | relation"
"関係","かんけい","relation | relationship"
"状況","じょうきょう","situation | conditions"
"ぐっすり","ぐっすり","soundly (asleep)"
"状態","じょうたい","state | appearance (of a thing)"
"治る","なおる","get better | be cured"
"政治","せいじ","politics"
"治す","なおす","cure | heal"
"ソース","ソース","sauce | Worcestershire sauce"
"政府","せいふ","government | administration"
"党","とう","political party"
"対策","たいさく","measure | countermeasure"
"政策","せいさく","policy | political measures"
"タイプライター","タイプライター","typewriter"
"選ぶ","えらぶ","choose | elect"
"選手","せんしゅ","player (in a game); team member"
"選挙","せんきょ","election"
"候補","こうほ","candidate | candidacy"
"トマト","トマト","tomato"
"首相","しゅしょう","prime minister"
"首都","しゅと","capital"
"改革","かいかく","reform"
"革","かわ","leather"
"バター","バター","butter"
"命令","めいれい","command | order"
"番組","ばんぐみ","program (TV | radio)"
"組み立てる","くみたてる","put together | assemble | construct"
"組織","そしき","organization | structure | tissue"
"バレーボール","バレーボール","volleyball"
"進める","すすめる","advance | promote | speed (st) up"
"進む","すすむ","advance | move forward"
"進学","しんがく","entering the next level of school"
"拡大","かくだい","magnification | enlargement"
"おかず","おかず","side dish"
"責任","せきにん","responsibility | liability"
"辞める","やめる","resign | retire"
"辞書","じしょ","dictionary"
"通勤","つうきん","commute"
"カレンダー","カレンダー","calendar"
"勤める","つとめる","to work for (~に)"
"事務所","じむしょ","office | one's place of business"
"事務室","じむしつ","office"
"従来","じゅうらい","former | old"
"ハンドバッグ","ハンドバッグ","handbag"
"成績","せいせき","grade (school) | results | record"
"集める","あつめる","collect | gather"
"集まる","あつまる","gather | be collected"
"採用","さいよう","employment"
"ベル","ベル","bell"
"給料","きゅうりょう","salary | pay"
"卒業","そつぎょう","graduation"
"就職","しゅうしょく","finding employment"
"退院","たいいん","discharge from a hospital"
"インク","インク","ink"
"契約","けいやく","contract | agreement"
"交渉","こうしょう","negotiation | bargaining"
"事件","じけん","event | incident | case"
"条件","じょうけん","condition | terms"
"クーラー","クーラー","air conditioning | cooler"
"参加","さんか","participation | taking part in"
"増加","ぞうか","increase | gain"
"加える","くわえる","add (one thing to another) (can be the same or a different kind of thing)"
"加工","かこう","processing | manufacturing (turning st into st else)"
"ミルク","ミルク","milk | baby milk"
"比べる","くらべる","compare | contrast"
"批判","ひはん","criticism | comment"
"評価","ひょうか","evaluation | rating"
"対象","たいしょう","target | subject"
"サラダ","サラダ","salad"
"故障","こしょう","malfunction | fault | breakdown"
"修理","しゅうり","repair | mending"
"乗り換える","のりかえる","change | transfer (trainなど)"
"乗り換え","のりかえ","change (trainなど) | transfer"
"おじさん","おじさん","uncle"
"換える","かえる","swap | convert"
"着替える","きがえる","change clothes"
"被る","かぶる","put on (a hat)"
"破る","やぶる","tear (st) | break (through) （~を）"
"ベルト","ベルト","belt"
"破れる","やぶれる","(st) rips | gets torn"
"壊す","こわす","break | destroy | smash"
"壊れる","こわれる","break | break down | get out of order"
"救急車","きゅうきゅうしゃ","ambulance"
"ラーメン","ラーメン","ramen (Chinese noodles)"
"助ける","たすける","help | save"
"立派","りっぱ","fine | excellent"
"警察","けいさつ","police"
"管理","かんり","management | administration"
"ライター","ライター","lighter"
"盗む","ぬすむ","steal | rob"
"殺す","ころす","kill | smother"
"逮捕","たいほ","arrest | capture"
"逃げる","にげる","escape | run away"
"ワイシャツ","ワイシャツ","(business) shirt | (white) shirt"
"戦争","せんそう","war | battle"
"競争","きょうそう","competition"
"混む","こむ","be crowded | be congested"
"大統領","だいとうりょう","president (of a country)"
"シャワー","シャワー","shower"
"捨てる","すてる","throw away | abandon"
"拾う","ひろう","pick up | find"
"池","いけ","pond"
"電池","でんち","electric cell | battery"
"うどん","うどん","noodles | Japanese wheat noodles"
"深い","ふかい","deep | profound | intimate"
"深さ","ふかさ","depth | profundity"
"浅い","あさい","shallow | superficial"
"落とす","おとす","drop | omit"
"ごみ","ごみ","rubbish | trash"
"泳ぐ","およぐ","swim"
"水泳","すいえい","swimming"
"流れる","ながれる","flow | drift away"
"流行る","はやる","be in fashion | be popular"
"スーパーマーケット","スーパーマーケット","supermarket"
"洗う","あらう","wash"
"洗面所","せんめんじょ","washroom | bathroom"
"油","あぶら","oil"
"沈む","しずむ","sink | set"
"ハンカチ","ハンカチ","handkerchief"
"久しぶり","ひさしぶり","after a long time"
"氷","こおり","ice"
"冷える","ひえる","get cold | get chilly"
"冷やす","ひやす","cool (sth) | chill (を)"
"ビデオテープ","ビデオテープ","videotape"
"冷める","さめる","cool down (from hot to room temp) | subside"
"凍る","こおる","freeze"
"冷蔵庫","れいぞうこ","refrigerator"
"涼しい","すずしい","cool | refreshing"
"ぶらぶら","ぶらぶら","wander aimlessly | hang about"
"汚す","よごす","make dirty | soil"
"汚れ","よごれ","dirt | filth"
"汚れる","よごれる","become dirty | become defiled"
"景色","けしき","scene | landscape"
"アナウンサー","アナウンサー","news reader | announcer"
"影響","えいきょう","influence | effect"
"光る","ひかる","shine | emit light"
"太る","ふとる","grow fat | fatten"
"太陽","たいよう","sun"
"スプーン","スプーン","spoon"
"星","ほし","star | planet | spot"
"地球","ちきゅう","the Earth"
"野球","やきゅう","baseball"
"雲","くも","cloud"
"ブラウス","ブラウス","blouse"
"曇り","くもり","cloudiness | cloudy weather"
"地震","じしん","earthquake"
"震える","ふるえる","tremble | quiver | shake"
"振る","ふる","wave | shake | swing"
"リボン","リボン","ribbon"
"揺れる","ゆれる","shake | sway | rock"
"神社","じんじゃ","Shinto shrine"
"秘密","ひみつ","secret | privacy"
"厳しい","きびしい","strict | severe | intense"
"いかが","いかが","how | what (polite)"
"年寄り","としより","old person | a senior"
"歴史","れきし","history"
"世紀","せいき","century"
"建設","けんせつ","construction | establishment"
"ステレオ","ステレオ","stereo"
"建物","たてもの","building | structure"
"建つ","たつ","be built | be erected"
"構成","こうせい","organization | makeup"
"構造","こうぞう","structure | the construction"
"フォーク","フォーク","fork"
"橋","はし","bridge"
"柱","はしら","pillar | column"
"位置","いち","position | location"
"離婚","りこん","divorce"
"おば","おば","aunt"
"停車","ていしゃ","a stop (train) | stopping"
"バス停","ばすてい","bus stop"
"周辺","しゅうへん","surrounding area | outskirts"
"隣","となり","neighboring house | next seat"
"きらきら","きらきら","shining | sparkling"
"黄色","きいろ","yellow"
"横","よこ","side | width across"
"横書き","よこがき","horizontal writing"
"判断","はんだん","judgment | decision"
"どうぞ","どうぞ","please | by all means | here you are"
"断る","ことわる","refuse | turn down"
"横断歩道","おうだんほどう","crosswalk"
"大幅","おおはば","drastically | substantially"
"訪れる","おとずれる","visit | go to see"
"ネックレス","ネックレス","necklace"
"訪ねる","たずねる","visit (place or person) | drop in"
"冷房","れいぼう","air conditioning"
"暖房","だんぼう","heating"
"文房具","ぶんぼうぐ","stationery | writing materials"
"パジャマ","パジャマ","pajamas"
"諸国","しょこく","various countries"
"緑色","みどりいろ","green"
"貿易","ぼうえき","(foreign) trade | import/export business"
"輸入","ゆにゅう","import"
"ボールペン","ボールペン","ballpoint pen"
"輸出","ゆしゅつ","export"
"指輪","ゆびわ","ring"
"往復","おうふく","round trip | going and returning"
"復習","ふくしゅう","review"
"すいか","すいか","watermelon"
"繰り返す","くりかえす","repeat を"
"留学","りゅうがく","studying abroad"
"停留所","ていりゅうじょ","stop | station"
"書留","かきとめ","registered mail"
"そちら","そちら","there | that way (polite)"
"守る","まもる","protect | observe"
"留守","るす","not at home"
"住宅","じゅうたく","housing | residence"
"自宅","じたく","one's house | one's home"
"そば","そば","buckwheat noodles | soba"
"お宅","おたく","your home (敬語)"
"早起き","はやおき","early rising"
"昼寝","ひるね","nap"
"静か","しずか","quiet | tranquil"
"どっち","どっち","which one (casual)"
"暇","ひま","free time | spare time"
"趣味","しゅみ","hobby | interest"
"両方","りょうほう","both"
"両替","りょうがえ","exchanging currency | break (a 1万 note)"
"バスケットボール","バスケットボール","basketball"
"両親","りょうしん","parents"
"片道","かたみち","one-way"
"内側","うちがわ","inside | interior"
"向こう側","むこうがわ","other side"
"サンドイッチ","サンドイッチ","sandwich"
"外側","そとがわ","exterior | outside"
"左側","ひだりがわ","left side"
"右側","みぎがわ","right side"
"裏","うら","rear | reverse (side) | inside"
"にこにこ","にこにこ","smile"
"裏返す","うらがえす","turn over | turn inside out"
"週刊誌","しゅうかんし","weekly magazine"
"朝刊","ちょうかん","morning edition"
"夕刊","ゆうかん","evening edition"
"ウール","ウール","wool"
"詳しい","くわしい","detailed | complete"
"細かい","こまかい","minute | elaborate"
"細か","こまか","minute | elaborate"
"積もる","つもる","accumulate (snow | dustなど)"
"コーラ","コーラ","cola | coke"
"訳","やく","translation"
"訳す","やくす","translate"
"検討","けんとう","consideration | examination"
"塗る","ぬる","spread on | paint"
"トイレットペーパー","トイレットペーパー","toilet paper"
"付く","つく","stick to | be attached to | accompany"
"付ける","つける","attach | apply (st to st) | add"
"受け付ける","うけつける","accept | receive"
"片付ける","かたづける","put in order | clear (st) away | put (st) back"
"どなた","どなた","who (polite)"
"受付","うけつけ","receptionist | front desk"
"近付く","ちかづく","approach | get acquainted"
"片付く","かたづく","be in order | be settled"
"気を付ける","きをつける","take care of | pay attention to"
"ハイキング","ハイキング","hiking"
"貼る","はる","stick | paste"
"記念日","きねんび","memorial day | anniversary"
"残念","ざんねん","regretful | disappointing"
"例えば","たとえば","for example"
"ハム","ハム","ham"
"例文","れいぶん","example sentence"
"例","れい","example | precedent"
"余る","あまる","remain over | be too much (remain because of excess)"
"除く","のぞく","exclude | get rid of"
"ボーイフレンド","ボーイフレンド","boyfriend"
"削る","けずる","grind down | trim | scale back"
"遅刻","ちこく","tardiness | lateness"
"緩い","ゆるい","slack | loose"
"苦しい","くるしい","painful | difficult"
"アイロン","アイロン","iron"
"苦い","にがい","bitter | sour"
"苦手","にがて","weak point | (sb) hard to deal with"
"困る","こまる","be in trouble | have difficulty"
"貧乏","びんぼう","poor | poverty"
"カレーライス","カレーライス","curry rice"
"不幸","ふこう","unhappiness | misfortune | a death"
"幸せ","しあわせ","happiness | good fortune"
"塩","しお","salt"
"塩辛い","しおからい","salty"
"キャッシュカード","キャッシュカード","ATM card"
"砂糖","さとう","sugar"
"規模","きぼ","scale (big | smallなど) | scope"
"農業","のうぎょう","agriculture"
"濃い","こい","thick | concentrated | dark-colored"
"イヤリング","イヤリング","earrings"
"薄い","うすい","thin | weak | pale"
"厚い","あつい","thick | bulky"
"厚さ","あつさ","thickness"
"迫る","せまる","approach | draw near | press (sb for st)"
"ガールフレンド","ガールフレンド","girlfriend"
"伸びる","のびる","get longer | grow | stretch"
"引っ越す","ひっこす","move (houses)"
"越える","こえる","go over | go across | go beyond"
"引っ越し","ひっこし","moving (houses)"
"カセットテープ","カセットテープ","cassette tape"
"追い越す","おいこす","pass | outdo"
"上昇","じょうしょう","a rise | an increase"
"改札口","かいさつぐち","ticket barrier"
"失礼","しつれい","impoliteness | bad manners | I beg your parden/Goodbye"
"かゆい","かゆい","itchy"
"お礼","おれい","thanks | reward | return present"
"謝る","あやまる","apologize"
"注射","ちゅうしゃ","shot | injection"
"程度","ていど","degree | extent"
"ぐらぐら","ぐらぐら","wobble"
"誘う","さそう","invite | ask out"
"導入","どうにゅう","introduction | bringing in"
"努力","どりょく","effort | endeavor"
"怒る","おこる","get angry | scold"
"ジャム","ジャム","jam"
"独身","どくしん","single | unmarried"
"占める","しめる","occupy | hold"
"処理","しょり","processing | management (unlike 加工 | a new thing is not created)"
"紹介","しょうかい","introduction | presentation"
"スリッパ","スリッパ","slippers"
"招く","まねく","invite | beckon"
"招待","しょうたい","invitation"
"夫婦","ふうふ","husband and wife | married couple"
"奥","おく","inner part | the back | inner chamber"
"トランプ","トランプ","(a pack of) cards | (playing) cards"
"奥さん","おくさん","(sb's) wife | married lady"
"皆さん","みなさん","everybody (丁寧語)"
"皆様","みなさま","everyone (敬語)"
"誰か","だれか","someone"
"よろしい","よろしい","all right (いいの改まった言い方)"
"国籍","こくせき","citizenship | nationality"
"愛","あい","love"
"可愛い","かわいい","cute | charming | sweet"
"恋人","こいびと","boyfriend/girlfriend | lover"
"ラッシュアワー","ラッシュアワー","rush hour"
"誕生日","たんじょうび","birthday"
"祝日","しゅくじつ","holiday | festival day"
"お祝い","おいわい","celebrate"
"夢","ゆめ","dream"
"カップ","カップ","cup | cup (measurement)"
"泣く","なく","cry | weep"
"涙","なみだ","tear"
"喜ぶ","よろこぶ","be happy | be delighted"
"恥ずかしい","はずかしい","embarrassed | ashamed | embarrassing"
"スケート","スケート","skate | skates"
"弁当","べんとう","box lunch | picnic lunch"
"看護師","かんごし","nurse"
"患者","かんじゃ","patient"
"述べる","のべる","express (opinion) | state | mention"
"たくさん","たくさん","in large quantity | plenty"
"訴える","うったえる","sue"
"迷う","まよう","hesitate | get lost | be unable to decide"
"迷惑","めいわく","trouble | annoyance"
"地域","ちいき","region | area"
"ピクニック","ピクニック","picnic"
"政権","せいけん","political power | government | administration"
"贈る","おくる","offer | give (presentとか)"
"贈り物","おくりもの","present | gift (和語)"
"与える","あたえる","present (st) | give (damage/shock) | give (to lower status) (かたい)"
"あちら","あちら","way over there"
"貯金","ちょきん","savings | deposit"
"預ける","あずける","deposit | entrust"
"預かる","あずかる","keep (st) for (sb); take care of (st)"
"得意","とくい","one's forte | pride | frequent customer"
"どきどき","どきどき","feel excited | feel nervous"
"燃える","もえる","burn が"
"焼ける","やける","burn | be grilled | be baked が"
"すき焼き","すきやき","sukiyaki"
"焼く","やく","burn (st) | grill | bake を"
"まあまあ","まあまあ","OK | not bad | average"
"乾く","かわく","(st) drys | gets dry (が)"
"乾杯","かんぱい","a toast"
"乾かす","かわかす","dry (st) を"
"新幹線","しんかんせん","Shinkansen | Bullet Train"
"マフラー","マフラー","scarf | muffler"
"素晴らしい","すばらしい","splendid | excellent"
"海岸","かいがん","coast | seashore"
"家庭","かてい","home | family"
"庭","にわ","garden | court"
"アクセサリー","アクセサリー","accessories | jewelry"
"桜","さくら","cherry tree | cherry blossom"
"咲く","さく","bloom | blossom"
"吹く","ふく","blow | play on a wind instrument"
"散歩","さんぽ","walk | stroll"
"あくび","あくび","yawn"
"植える","うえる","plant (a plant) | embed"
"屋根","やね","roof"
"黒板","こくばん","blackboard"
"掲示板","けいじばん","notice board | bulletin board"
"からから","からから","thirsty | dry"
"草","くさ","grass | weed"
"葉","は","leaf"
"絵葉書","えはがき","picture postcard"
"はがき","はがき","postcard"
"ふらふら","ふらふら","dizzy | weak"
"吸う","すう","inhale | suck"
"普及","ふきゅう","spreading | becoming popular"
"胃","い","stomach"
"皿","さら","plate | counter for plates or servings"
"こぼす","こぼす","spill (st)"
"血","ち","blood"
"内容","ないよう","contents"
"背景","はいけい","background | scenery | setting"
"骨","ほね","bone | frame"
"ランチ","ランチ","lunch"
"滑る","すべる","slide | slip | flunk an examination"
"折れる","おれる","snap/break | be folded | give in (to)"
"折る","おる","break off | fold | bend"
"健康","けんこう","healthy"
"レシート","レシート","receipt"
"珍しい","めずらしい","unusual | rare | strange"
"撮る","とる","take (a picture) | film (a video)"
"再び","ふたたび","again | a second time (somewhat formal)"
"再来年","さらいねん","the year after next"
"チョーク","チョーク","chalk"
"再来月","さらいげつ","the month after next"
"再来週","さらいしゅう","the week after next"
"放送","ほうそう","broadcasting"
"装置","そうち","equipment | device"
"ティッシュ","ティッシュ","tissue"
"仮名","かな","kana | Japanese syllabary"
"送り仮名","おくりがな","kana suffix"
"鏡","かがみ","mirror"
"悲しむ","かなしむ","feel sad | lament"
"ノック","ノック","knock"
"固い","かたい","firm | unchanging | unbreakable"
"美術館","びじゅつかん","art museum"
"美人","びじん","beautiful woman"
"美容院","びよういん","hair salon"
"よろしく","よろしく","properly | one's regards"
"博物館","はくぶつかん","museum"
"開催","かいさい","holding (of an event) | opening"
"特徴","とくちょう","distinguishing characteristic"
"許す","ゆるす","forgive | permit"
"がらがら","がらがら","empty"
"免許証","めんきょしょう","license"
"教師","きょうし","teacher | instructor"
"教授","きょうじゅ","professor"
"伝える","つたえる","convey | tell (sb) that | let (sb) know"
"ぎらぎら","ぎらぎら","dazzling | glaring | blinding"
"鳥","とり","bird | poultry"
"鳴る","なる","sound | ring | thunder"
"鳴く","なく","make sound (animal); chirp | meow | etc."
"声","こえ","voice | sound"
"そっち","そっち","there | that way (causal)"
"卵","たまご","egg"
"犬","いぬ","dog"
"馬","うま","horse"
"駐車場","ちゅうしゃじょう","parking area"
"ピンポン","ピンポン","table tennis | ping pong"
"騒ぐ","さわぐ","make a racket | mess around | make a fuss"
"刺す","さす","stab | prick | sting"
"刺身","さしみ","sashimi | sliced raw meat"
"激しい","はげしい","violent | intense"
"ぺこぺこ","ぺこぺこ","very hungry | starving"
"驚く","おどろく","be surprised | be startled"
"倒れる","たおれる","fall down | succumb (to)"
"倒す","たおす","knock down | overthrow | defeat"
"傾向","けいこう","tendency | inclination"
"ぺらぺら","ぺらぺら","fluently"
"柔道","じゅうどう","judo"
"柔らかい","やわらかい","soft"
"柔らか","やわらか","soft | tender | gentle"
"主張","しゅちょう","argument | case | one's point"
"レインコート","レインコート","raincoat"
"引っ張る","ひっぱる","pull | drag"
"突き当たる","つきあたる","come to the end of (street) | run into (st)"
"突き当たり","つきあたり","end of a street"
"壁","かべ","wall | partition"
"アイス","アイス","popsicle | ice lolly"
"弾く","ひく","play (a stringed instrument)"
"丸い","まるい","round"
"丸","まる","circle | wholeness"
"攻撃","こうげき","attack | criticism"
"いつごろ","いつごろ","about when | about what time"
"絶対に","ぜったいに","absolutely | unconditionally"
"消防車","しょうぼうしゃ","fire truck"
"嫌","いや","dislike | have a dislike for"
"大嫌い","だいきらい","hate"
"ウィスキー","ウィスキー","whisky"
"大抵","たいてい","generally | mostly"
"大勢","おおぜい","many (people) | a crowd"
"姿","すがた","figure | appearance"
"姿勢","しせい","posture | attitude"
"エアメール","エアメール","airmail"
"恐ろしい","おそろしい","terrible | frightening"
"怖い","こわい","scary"
"糸","いと","thread | yarn"
"孫","まご","grandchild"
"シャープペンシル","シャープペンシル","mechanical pencil"
"木綿","もめん","cotton"
"偉い","えらい","great | famous | eminent"
"爪","つめ","nail | claw"
"机","つくえ","desk"
"セロテープ","セロテープ","Scotch tape"
"棚","たな","shelf | rack"
"本棚","ほんだな","bookshelf"
"方針","ほうしん","course | policy"
"釣る","つる","to fish | to catch (a fish)"
"やけど","やけど","burn"
"お釣り","おつり","change"
"鍵","かぎ","key | lock"
"鍋","なべ","pan | pot"
"寿司","すし","sushi"
"アイスコーヒー","アイスコーヒー","iced coffee"
"泥棒","どろぼう","thief | crook"
"湯","ゆ","hot water | hot bath | bathhouse"
"沸く","わく","boil | be excited"
"沸かす","わかす","boil | excite"
"あっち","あっち","other side | over there (informal)"
"洗濯機","せんたくき","washing machine"
"洗濯","せんたく","laundering | washing"
"濡れる","ぬれる","get wet"
"喫茶店","きっさてん","coffee shop | tea house | café"
"あんなに","あんなに","like that"
"怠ける","なまける","be lazy (が) | neglect (st) (を)"
"一生懸命","いっしょうけんめい","as hard as one can | with all one's might"
"休憩","きゅうけい","break (from work | study | etc.)"
"天井","てんじょう","ceiling"
"いたずら","いたずら","mischief | prank"
"納豆","なっとう","natto (fermented soybeans)"
"化粧","けしょう","makeup | put on makeup"
"畑","はたけ","field | farm | garden"
"炊く","たく","cook (by boiling)"
"ウェートレス","ウェートレス","waitress"
"自炊","じすい","cooking for oneself"
"灰皿","はいざら","ashtray"
"灰","はい","ashes"
"灰色","はいいろ","ash color | gray"
"おばさん","おばさん","aunt"
"西暦","せいれき","CE | AD (year)"
"毛","け","hair | wool"
"髪","かみ","hair | hairstyle"
"舌","した","tongue"
"くし","くし","comb"
"臭い","くさい","ill-smelling | stinking"
"匂い","におい","smell | odor"
"居る","いる","be present"
"履く","はく","put on (footwear | lower body clothing)"
"クリーニング","クリーニング","cleaning | laundry"
"戸","と","door (esp. Japanese style) | shutter"
"扇風機","せんぷうき","electric fan"
"豚","ぶた","pig | pork"
"豚肉","ぶたにく","pork | hog meat"
"ごちそう","ごちそう","feast | treat"
"鶏","にわとり","chicken | hen"
"腕時計","うでどけい","wrist watch"
"お菓子","おかし","sweets | snacks"
"お辞儀","おじぎ","bow | bowing"
"ごちそうする","ごちそうする","treat"
"寝坊","ねぼう","oversleeping | late riser"
"旗","はた","flag | banner"
"鉛筆","えんぴつ","pencil"
"万年筆","まんねんひつ","fountain pen"
"こぼれる","こぼれる","(st) spills | overflows"
"箱","はこ","box | case"
"本箱","ほんばこ","bookcase"
"手袋","てぶくろ","gloves"
"袋","ふくろ","bag | sack"
"こんなに","こんなに","as this | so | such"
"財布","さいふ","purse | wallet"
"毛布","もうふ","blanket"
"布団","ふとん","futon | bedquilt"
"小包","こづつみ","parcel | package"
"ざあざあ","ざあざあ","(sound of pouring rain) heavily | pouring"
"包む","つつむ","wrap | pack"
"飾る","かざる","decorate | exhibit"
"手帳","てちょう","pocketbook | memo"
"電話帳","でんわちょう","telephone book"
"ジャガイモ","ジャガイモ","potato"
"牛乳","ぎゅうにゅう","milk"
"玄関","げんかん","entrance | doorway"
"眼鏡","めがね","glasses | judgment"
"眠い","ねむい","sleepy"
"ソファ","ソファ","sofa | sofa bed"
"眠る","ねむる","sleep"
"封筒","ふうとう","envelope"
"出かける","でかける","go out | be about to go out"
"かかる","かかる","hang | splash | take (timeなど) が"
"煙草","たばこ","tobacco | cigarette"
"掛け算","かけざん","multiplication"
"拍手","はくしゅ","applause | clapping"
"掃除","そうじ","cleaning"
"掃く","はく","sweep | brush"
"ちょうど","ちょうど","exactly | as if"
"掃除機","そうじき","vacuum cleaner"
"握る","にぎる","grasp | to press into shape (onigiri | sushi)"
"握手","あくしゅ","handshake | handshaking"
"迎える","むかえる","welcome | go to meet"
"ちょっと","ちょっと","just a moment | just a little | easily"
"お巡りさん","おまわりさん","policeman"
"いくつ","いくつ","how many | how old"
"幾ら","いくら","how much"
"冗談","じょうだん","joke"
"つく","つく","be on | switched on"
"穴","あな","hole | cavity"
"寂しい","さびしい","lonely | desolate | sad"
"丁寧","ていねい","polite | courteous | careful"
"かわいそう","かわいそう","poor | pitiable"
"てんぷら","てんぷら","tempura | Japanese deep-fried breaded food"
"怪我","けが","injury"
"我慢","がまん","patience | self-restraint"
"幼稚園","ようちえん","kindergarten"
"隠れる","かくれる","hide | disappear"
"とんとん","とんとん","tapping"
"日陰","ひかげ","the shade"
"随分","ずいぶん","extremely | considerably"
"頑張る","がんばる","persist | be tenacious"
"頃","ころ","when~ | about~ | time"
"人参","にんじん","carrot"
"この頃","このごろ","these days | recently"
"消防署","しょうぼうしょ","fire station"
"尋ねる","たずねる","inquire | search for"
"缶詰","かんづめ","canned goods"
"ぬるい","ぬるい","lukewarm"
"缶","かん","can | tin"
"腐る","くさる","rot | corrode"
"豆腐","とうふ","tofu"
"床","ゆか","floor"
"パーセント","パーセント","percent"
"床屋","とこや","barber | barbershop"
"畳","たたみ","tatami | mat"
"畳む","たたむ","fold up | shut (umbrella)"
"干す","ほす","dry (by airing out) | air out"
"ひざ","ひざ","knee"
"帽子","ぼうし","hat"
"ぜひ","ぜひ","by all means | at any cost"
"敬語","けいご","honorific language | polite speech"
"尊敬","そんけい","respect | honor"
"ひじ","ひじ","elbow"
"敷く","しく","lay out | spread"
"雷","かみなり","thunder | lightning"
"零","れい","zero | naught"
"仕舞う","しまう","put away"
"ひも","ひも","laces | string | rope"
"踊る","おどる","dance"
"踊り","おどり","dance | dancing"
"踏む","ふむ","step on | tread on"
"踏切","ふみきり","railroad crossing"
"まく","まく","scatter (st) | sow seeds"
"蹴る","ける","kick"
"食堂","しょくどう","dining hall | restaurant"
"猫","ねこ","cat | feline"
"文章","ぶんしょう","writing | prose"
"やかん","やかん","kettle"
"丈夫","じょうぶ","healthy | stout"
"また","また","again | also | or"
"お祖父さん","おじいさん","grandfather"
"お祖母さん","おばあさん","grandmother"
"ようこそ","ようこそ","welcome"
"祖父","そふ","grandfather"
"祖母","そぼ","grandmother"
"邪魔","じゃま","obstacle | interruption"
"風邪薬","かぜぐすり","remedy for a cold"
"ウェーター","ウェーター","waiter"
"風呂屋","ふろや","bathhouse | public bath"
"風呂","ふろ","bath"
"昭和","しょうわ","Showa era"
"紫","むらさき","purple"
"そんなに","そんなに","like that | so"
"紅茶","こうちゃ","black tea"
"梅雨","つゆ","rainy season"
"桃","もも","peach | peach tree"
"遭う","あう","encounter something (unexpected)"
"枕","まくら","pillow"
"嘘","うそ","lie"
"遠慮","えんりょ","reserve | hesitation | forethought"
"叱る","しかる","scold | tell off | reprimand"
"傘","かさ","umbrella | parasol"
"おじょうさん","おじょうさん","young lady | your daughter"
"年賀状","ねんがじょう","New Year's card"
"賑やか","にぎやか","lively | exciting"
"蚊","か","mosquito"
"拭く","ふく","wipe | dry"
"挨拶","あいさつ","greet | greeting"
"伴う","ともなう","accompany | go with"
"巻く","まく","roll (st) up | wind | wrap"
"靴","くつ","shoes | boots"
"靴下","くつした","socks | stockings"
"磨く","みがく","polish | grind"
"歯磨き","はみがき","toothpaste | brushing one's teeth"
"廊下","ろうか","hallway | corridor"
"瓶","びん","bottle | flask"
"褒める","ほめる","praise | commend"
"元旦","がんたん","New Year's Day"
"袖","そで","sleeve"
"長袖","ながそで","clothes with long sleeves"
"半袖","はんそで","short-sleeved shirt"
"馬鹿","ばか","fool | nonsense"
"凄い","すごい","wonderful | terrible"
"剃る","そる","shave"
"喧嘩","けんか","fight | quarrel | argument"
"叩く","たたく","tap | hit | play (drums)"
"噛む","かむ","bite | chew"
"味噌汁","みそしる","miso soup"
"姪","めい","niece"
"苺","いちご","strawberry"
"茄子","なす","eggplant"
"逢う","あう","meet (esp. sb of the opposite sex)"
"椅子","いす","chair"
"痩せる","やせる","lose weight | become thin"
"箸","はし","chopsticks"
"糊","のり","glue | (clothing) starch"
"醤油","しょうゆ","soy sauce"
"鋏","はさみ","scissors"
"鞄","かばん","bag | handbag | briefcase"
"顎","あご","jaw | chin"
"飴","あめ","candy | sweets"
"石鹸","せっけん","soap"
"差","さ","difference"
"失う","うしなう","lose | miss"
"外れる","はずれる","come off"
"測る","はかる","measure | gauge"
"含める","ふくめる","include"
"含む","ふくむ","contain | include"
"頂戴","ちょうだい","getting | receiving"
